time,open,high,low,close,tick_volume
1634736600,13.98000,14.08000,11.73000,12.80000,1220300
1634823000,13.20000,13.20000,12.63500,12.78000,714700
1634909400,12.66500,12.93000,12.10000,12.18000,594400
1635168600,12.52000,12.67000,12.20000,12.23000,593600
1635255000,12.20000,12.30000,11.90000,11.99000,530600
1635341400,11.93000,12.10000,11.90000,12.01000,293700
1635427800,12.01000,12.19500,11.90000,12.01000,398600
1635514200,12.04000,12.13000,11.95500,12.08000,540100
1635773400,12.17000,13.29000,12.12000,13.00000,2093700
1635859800,13.40000,16.00000,13.40000,14.00000,2709300
1635946200,14.56000,14.60000,14.00000,14.53000,1123400
1636032600,14.80000,15.20000,14.70000,15.02000,1206500
1636119000,15.55000,15.59000,14.80000,15.01000,817000
1636381800,15.05000,15.23000,14.91000,15.05000,1101600
1636468200,15.54000,16.10000,15.31000,15.71000,1672600
1636554600,15.00000,17.80000,14.10000,16.51000,9327500
1636641000,17.02000,17.90000,16.20000,17.60000,2902400
1636727400,18.40000,19.08000,18.17000,18.56000,2480300
1636986600,19.57000,22.19000,19.14000,20.16000,3984500
1637073000,20.16000,20.35000,18.10000,19.76000,2915700
1637159400,19.63000,20.07000,18.05000,18.70000,2125300
1637245800,18.70000,19.18000,16.91000,17.03000,2220200
1637332200,17.09000,17.51000,15.58000,16.01000,2260900
1637591400,16.99000,19.56000,16.86000,18.04000,3521000
1637677800,19.28000,19.50000,16.88000,17.96000,2117200
1637764200,17.86000,18.65000,17.68000,17.83000,1247300
1637937000,17.30000,18.55000,17.20000,18.10000,1082900
1638196200,18.97000,19.39000,18.22000,18.28000,1837700
1638282600,18.30700,19.75000,18.30700,19.61000,4489000
1638369000,20.10000,20.10000,18.90000,19.00000,1792600
1638455400,19.20000,19.24000,18.00000,18.52000,1548200
1638541800,18.75000,19.18000,16.52000,17.88000,2193800
1638801000,16.94500,17.90000,16.50000,17.45000,1857500
1638887400,17.65000,18.99000,17.30000,18.88000,2476800
1638973800,19.21500,19.21500,17.16000,17.73000,3426500
1639060200,17.79000,18.22000,16.80000,16.98000,1499000
1639146600,17.11000,17.56000,16.83000,17.34000,946400
1639405800,17.34000,17.90000,16.90000,17.10000,909900
1639492200,16.89700,17.00000,15.40000,15.94000,2138300
1639578600,16.00000,16.22000,14.24000,16.12000,2474500
1639665000,16.30000,16.44000,14.65000,14.88000,1465800
1639751400,14.82300,15.49000,13.92000,15.02000,6556600
1640010600,14.50000,14.80000,13.51000,13.93000,1643000
1640097000,14.28000,15.34000,14.25000,15.05000,890400
1640183400,15.12000,15.56000,14.52000,14.75000,1069700
1640269800,14.75000,15.60000,14.75000,15.03000,1345000
1640615400,15.00000,16.20000,14.92000,16.01000,796300
1640701800,16.68000,16.68000,14.96000,15.41000,1108700
1640788200,15.60000,15.91000,15.00000,15.51000,703700
1640874600,15.50000,16.95000,15.21200,16.52000,1255100
1640961000,16.52000,17.24000,16.30000,17.01000,812300
1641220200,17.18000,17.33800,16.20000,16.26000,919800
1641306600,16.45000,16.99000,15.61000,15.61000,807700
1641393000,15.66000,15.67000,14.45000,14.45000,1253400
1641479400,14.38000,14.62000,13.48000,13.50000,1758400
1641565800,13.55000,13.95000,13.04000,13.13000,1107700
1641825000,13.00000,13.57000,12.75000,13.03000,858500
1641911400,13.11000,13.20000,12.52000,12.60000,1188100
1641997800,12.77000,12.89100,11.93000,12.41000,1306800
1642084200,12.44000,12.50000,11.52000,11.63000,1299700
1642170600,11.45000,11.63000,10.89000,11.19000,1117400
1642516200,11.18000,11.91000,10.90000,11.07000,1396900
1642602600,11.31000,11.77000,10.27000,10.39000,1836100
1642689000,10.71400,11.68000,10.63000,10.79000,1828700
1642775400,10.61000,10.99000,10.13000,10.16000,1336000
1643034600,9.88000,9.96000,9.00000,9.94000,2120000
1643121000,9.50000,9.90000,9.20400,9.54000,894600
1643207400,10.02000,10.41000,9.61000,9.70000,1203700
1643293800,9.79000,9.85500,8.60000,8.65000,1397600
1643380200,8.66000,9.15000,8.56000,9.07000,1151500
1643639400,9.12000,9.98000,9.10000,9.97000,637600
1643725800,10.00000,10.30000,9.61000,10.29000,663600
1643812200,10.44000,10.52500,9.61000,9.79000,640700
1643898600,9.40000,9.55000,8.91000,8.96000,868200
1643985000,8.98000,9.90000,8.98000,9.83000,1440500
1644244200,10.00000,10.52000,9.81000,10.07000,1115800
1644330600,9.98000,10.95000,9.98000,10.85000,1307300
1644417000,11.03000,11.64000,10.90000,11.61000,1448200
1644503400,11.15900,12.30000,11.01100,11.33000,1508800
1644589800,11.49000,11.99000,10.65000,10.82000,1247800
1644849000,11.03000,11.64000,10.81000,10.90000,924200
1644935400,11.22000,11.73500,11.11000,11.72000,1043100
1645021800,10.63000,10.79000,9.00000,9.56000,4766100
1645108200,9.69000,9.72000,9.03000,9.46000,1917600
1645194600,9.30000,9.58000,9.05500,9.47000,1126500
1645540200,9.26000,9.67000,9.00000,9.10000,1434800
1645626600,9.00000,9.61000,8.92000,8.96000,1123900
1645713000,8.50000,9.39000,8.49000,9.26000,2261100
1645799400,9.10000,9.67500,9.10000,9.60000,1072500
1646058600,9.51000,9.83500,9.22000,9.74000,968400
1646145000,9.65000,9.84000,9.33000,9.38000,2777700
1646231400,9.45000,9.69000,9.23000,9.55000,682300
1646317800,9.61000,9.61000,8.76000,8.79000,1418900
1646404200,8.70000,8.88000,8.21100,8.30000,1245500
1646663400,8.15000,8.48000,7.95000,8.02000,1075600
1646749800,7.98000,8.65000,7.63000,8.25000,1634800
1646836200,8.49000,8.72000,8.31000,8.48000,860700
1646922600,8.27000,8.41000,8.13000,8.23000,939400
1647009000,8.25000,8.34000,7.87000,7.88000,1182800
1647264600,7.99000,8.06000,7.60000,7.63000,2463700
1647351000,7.64000,8.18900,7.56000,8.00000,1756300
1647437400,8.39000,9.02000,8.14000,9.01000,2044200
1647523800,8.94000,9.57000,8.86000,9.54000,1286000
1647610200,9.46000,9.90000,9.28000,9.66000,6893800
1647869400,9.66000,9.71000,9.16000,9.42000,1069200
1647955800,9.33000,10.20000,9.33000,9.72000,784000
1648042200,9.50000,9.81500,9.27000,9.28000,530800
1648128600,9.60000,11.01000,9.58000,10.63000,2555900
1648215000,10.61000,10.82500,10.26000,10.48000,1315200
1648474200,10.48000,10.80000,10.04000,10.28000,1108500
1648560600,10.32000,10.83000,10.30000,10.63000,1143000
1648647000,10.51000,10.62000,9.54500,9.83000,3760600
1648733400,9.97000,10.30000,9.63000,10.28000,1141200
1648819800,10.27000,10.28000,9.68000,9.72000,1098200
1649079000,9.74000,10.58000,9.74000,10.55000,1178600
1649165400,10.49000,10.54000,9.61500,9.65000,1183700
1649251800,9.45000,9.46500,8.85000,9.04000,1272600
1649338200,8.99000,9.25000,8.41000,8.73000,1154700
1649424600,8.71000,8.73000,8.40000,8.50000,728000
1649683800,8.40000,8.57000,8.26000,8.35000,626800
1649770200,8.70000,8.85000,8.09000,8.10000,795800
1649856600,8.29000,8.41000,7.92000,8.36000,1212000
1649943000,8.40000,8.49000,8.01000,8.04000,664200
1650288600,8.06000,8.12000,7.70000,8.03000,1062400
1650375000,8.00000,8.29000,7.88000,8.22000,476200
1650461400,8.25000,8.30000,7.77000,7.88000,883000
1650547800,8.01000,8.23000,7.41000,7.46000,922100
1650634200,7.46000,7.65000,7.32000,7.35000,707000
1650893400,7.20000,7.60000,7.16000,7.58000,803400
1650979800,7.50000,7.59000,7.00000,7.01000,875000
1651066200,7.02000,7.30000,6.74000,6.84000,723800
1651152600,7.00000,7.32000,6.65000,7.20000,890500
1651239000,7.12000,7.54000,6.82000,6.86000,604300
1651498200,6.89000,7.22000,6.74000,7.21000,681600
1651584600,7.20000,7.47000,7.03000,7.39000,670000
1651671000,7.61000,7.79000,7.09000,7.79000,631100
1651757400,7.77000,7.77000,7.08000,7.21000,529900
1651843800,7.12000,7.18000,6.74000,6.94000,704500
1652103000,6.75000,6.80000,5.60000,5.64000,1413200
1652189400,5.78000,6.37500,5.73500,5.95000,1184500
1652275800,6.00000,6.06000,5.55000,5.57000,942700
1652362200,5.89000,6.00000,5.34000,5.81000,1288800
1652448600,6.00000,6.80000,6.00000,6.67000,1532700
1652707800,6.53000,6.85000,6.26000,6.49000,1145500
1652794200,6.67000,7.05000,6.65000,7.01000,1006700
1652880600,6.82000,7.33000,6.79000,6.96000,732000
1652967000,6.90000,7.53000,6.90000,7.45000,872600
1653053400,7.59000,7.60000,6.76000,7.11000,792400
1653312600,7.28000,7.34000,6.80000,7.16000,619000
1653399000,7.00000,7.00000,6.60000,6.72000,725500
1653485400,6.60000,7.08000,6.60000,7.05000,515200
1653571800,6.97000,7.58000,6.91000,7.49000,547900
1653658200,7.60000,8.00000,7.60000,8.00000,752900
1654003800,8.00000,8.20000,7.79500,7.96000,1685100
1654090200,7.92000,7.96000,7.58000,7.73000,685900
1654176600,7.72000,8.30500,7.72000,8.25000,997900
1654263000,8.06000,8.19000,7.86000,8.12000,773400
1654522200,8.33000,8.35000,6.85000,7.02000,1976000
1654608600,6.98000,7.01000,6.30500,6.72000,1538200
1654695000,6.63000,7.00000,6.56500,6.64000,766700
1654781400,6.53000,6.82500,6.40000,6.41000,602400
1654867800,6.27000,6.44000,5.91000,5.95000,995900
1655127000,5.60000,5.74000,5.30000,5.31000,2107900
1655213400,5.38000,5.54000,5.08000,5.16000,1355500
1655299800,5.21000,5.56000,5.18000,5.46000,1417600
1655386200,5.21000,5.32000,4.90000,4.92000,1031400
1655472600,4.99000,5.38000,4.92000,5.37000,2768600
1655818200,5.53000,5.61000,5.14500,5.17000,1150400
1655904600,5.03000,5.18000,4.73000,4.77000,1350300
1655991000,4.87000,4.93000,4.67000,4.90000,1070700
1656077400,4.98000,5.08900,4.69000,4.73000,1621200
1656336600,4.78000,4.95000,4.59000,4.65000,972900
1656423000,4.75000,4.84000,4.28000,4.31000,1237700
1656509400,4.25000,4.29000,3.98000,4.13000,2581200
1656595800,4.10000,4.11000,3.84000,3.86000,1279700
1656682200,3.86000,3.94000,3.62000,3.70000,1179500
1657027800,3.66000,3.72500,3.51000,3.72000,861300
1657114200,3.51000,3.80000,3.51000,3.60000,1459200
1657200600,3.67000,4.03000,3.67000,4.03000,1296100
1657287000,3.99000,4.19000,3.91000,4.12000,1092500
1657546200,4.10000,4.12000,3.73000,3.73000,1135100
1657632600,3.77000,3.89900,3.62000,3.75000,919600
1657719000,3.70000,3.76000,3.58000,3.69000,655900
1657805400,3.74000,3.81000,3.52000,3.79000,733400
1657891800,3.84000,4.04500,3.79000,4.03000,739500
1658151000,4.15000,4.40000,4.15000,4.24000,859200
1658237400,4.37000,4.47000,4.30000,4.36000,1127200
1658323800,4.47000,5.07500,4.39000,5.05000,1352500
1658410200,5.06000,5.18000,4.82000,5.05000,1059900
1658496600,5.02000,5.02000,4.69000,4.75000,714100
1658755800,4.77000,4.83000,4.65000,4.81000,622500
1658842200,4.77000,4.77000,4.57000,4.69000,616600
1658928600,4.83000,5.15000,4.74000,5.13000,1122600
1659015000,5.15000,5.19800,4.90000,5.09000,848600
1659101400,5.07000,5.24000,5.01800,5.22000,655400
1659360600,5.13000,5.15000,4.87000,4.95000,876300
1659447000,4.89000,5.18000,4.85000,5.12000,421300
1659533400,5.12000,5.30500,5.08800,5.29000,602600
1659619800,5.30000,5.40500,5.24000,5.34000,749000
1659706200,5.31000,5.36000,5.02000,5.16000,766800
1659965400,5.16000,5.25000,4.85000,4.94000,646100
1660051800,4.92000,5.05000,4.44000,4.52000,785900
1660138200,4.69000,5.38500,4.63000,5.35000,1093000
1660224600,5.51000,5.72000,5.26000,5.36000,1221300
1660311000,5.44000,5.94500,5.43500,5.88000,1179400
1660570200,6.00000,6.82000,5.75000,6.16000,3399300
1660656600,6.16000,8.10000,6.08000,7.76000,4844500
1660743000,7.50000,7.59000,6.72000,6.92000,2380800
1660829400,6.97000,7.52000,6.65100,7.07000,2214900
1660915800,6.88000,6.90000,6.08000,6.28000,2218400
1661175000,5.95000,6.00000,5.54000,5.55000,2244800
1661261400,5.71000,5.74000,5.35500,5.48500,1226600
1661347800,5.38000,5.79000,5.38000,5.67000,1100200
1661434200,5.80000,6.71000,5.80000,6.65000,2238100
1661520600,6.45000,6.75000,6.16000,6.23000,1607300
1661779800,6.03000,6.43500,5.91000,5.92000,1014300
1661866200,6.06000,6.26000,5.72500,5.89000,811000
1661952600,5.95000,5.95000,5.65000,5.91000,1463700
1662039000,5.67000,5.68000,4.96000,5.14000,2902900
1662125400,5.30000,5.49500,5.14000,5.25000,1131300
1662471000,5.23000,5.28000,4.93000,5.24000,1454700
1662557400,5.19000,5.51000,5.10000,5.50000,1186200
1662643800,5.36000,5.69000,5.25000,5.62000,1004000
1662730200,5.73000,5.81000,5.63000,5.76000,835700
1662989400,5.78000,5.88000,5.55000,5.73000,1077800
1663075800,5.50000,5.52000,5.28000,5.50000,1273900
1663162200,5.50000,5.75000,5.39000,5.72000,913200
1663248600,5.66000,5.99000,5.65000,5.92000,1855800
1663335000,5.75000,5.89000,5.49500,5.77000,2102400
1663594200,5.61000,5.70000,5.40000,5.43000,757200
1663680600,5.39000,5.62000,5.35000,5.44000,656900
1663767000,5.51000,5.68000,5.37000,5.37000,798100
1663853400,5.39000,5.44000,4.88000,4.89000,1340700
1663939800,4.80000,4.83000,4.60000,4.77000,879700
1664199000,4.79000,5.10000,4.74500,4.75000,925300
1664285400,4.88000,5.18000,4.82500,5.11000,1646600
1664371800,5.07000,5.41000,4.93500,5.28000,848700
1664458200,5.12000,5.34000,4.83000,5.28000,1924700
1664544600,5.19000,5.31500,4.82000,4.85000,1095900
1664803800,4.90000,5.17000,4.82000,5.09000,1057400
1664890200,5.27000,5.62000,5.27000,5.46000,1646300
1664976600,5.28000,5.71000,5.15000,5.62000,849000
1665063000,5.62000,5.91000,5.31000,5.34000,1410100
1665149400,5.19000,5.23000,4.81000,4.84000,1709000
1665408600,4.80000,4.80000,4.27000,4.28000,1247500
1665495000,4.25000,4.35000,4.00000,4.25000,1112100
1665581400,4.25000,4.26000,4.00000,4.02000,1774700
1665667800,3.95000,4.46000,3.84000,4.29000,1183800
1665754200,4.34000,4.42000,4.06000,4.08000,845800
1666013400,4.24000,4.39500,4.13500,4.15000,793700
1666099800,4.29000,4.40000,4.00000,4.12000,987000
1666186200,4.10000,4.11000,3.88000,3.94000,1029900
1666272600,4.00000,4.27000,4.00000,4.19000,988900
1666359000,4.15000,4.27500,4.02100,4.22000,1026800
1666618200,4.25000,4.26000,4.05000,4.18000,790100
1666704600,4.36000,4.55500,4.26800,4.50000,1128600
1666791000,4.36000,4.68500,4.35000,4.55000,1011400
1666877400,4.58000,4.64500,4.09000,4.09000,1583300
1666963800,4.10000,4.25000,4.09000,4.24000,779300
1667223000,4.20000,4.29000,4.02000,4.21000,1395700
1667309400,4.32000,4.43000,4.15000,4.15000,855700
1667395800,4.22000,4.40000,4.08000,4.08000,909000
1667482200,4.10000,4.16500,3.95500,4.12000,981900
1667568600,4.22000,4.27000,4.03000,4.22000,885000
1667831400,4.20000,4.24500,4.06500,4.14000,1395200
1667917800,4.16000,4.61000,4.08000,4.39000,1647000
1668004200,4.40000,4.41000,3.97000,4.00000,1498500
1668090600,4.30000,4.57900,4.29000,4.40000,2088800
1668177000,4.35000,4.93000,4.28000,4.89000,1881200
1668436200,4.82000,5.54000,4.65000,5.32000,2780200
1668522600,5.48000,5.67000,5.30100,5.46000,1487800
1668609000,5.35000,5.35000,4.92000,5.00000,1252800
1668695400,4.82000,4.95000,4.71000,4.74000,796700
1668781800,4.37000,4.62000,4.30000,4.61000,1582200
1669041000,4.06000,4.51500,4.06000,4.49000,1325700
1669127400,4.52000,4.52000,4.36800,4.51000,595100
1669213800,4.46000,4.71500,4.45000,4.65000,559800
1669386600,4.61000,4.61800,4.44000,4.46000,423300
1669645800,4.40000,4.44500,4.14500,4.15000,587200
1669732200,4.21000,4.35000,4.17000,4.22000,609900
1669818600,4.28000,4.76000,4.23000,4.76000,1608700
1669905000,4.76000,4.89000,4.62000,4.64000,674500
1669991400,4.50000,4.68000,4.43000,4.49000,1003700
1670250600,4.50000,4.67000,4.40000,4.47000,940100
1670337000,4.50000,4.53000,4.23000,4.29000,742400
1670423400,4.24000,4.29000,4.14500,4.21000,630000
1670509800,4.22000,4.41000,4.16900,4.32000,744900
1670596200,4.30000,4.48500,4.21000,4.36000,742100
1670855400,4.33000,4.33000,4.00000,4.13000,1147500
1670941800,4.36000,4.47000,4.08000,4.12000,1185400
1671028200,4.10000,4.17000,3.95000,4.01000,1729000
1671114600,3.90000,4.01000,3.86000,3.89000,1763200
1671201000,3.87000,3.91000,3.66000,3.72000,2895400
1671460200,3.72000,3.72500,3.39000,3.45000,2046700
1671546600,3.42000,3.63500,3.38900,3.44000,1633900
1671633000,3.52000,3.66000,3.43000,3.65000,790700
1671719400,3.60000,3.64000,3.45500,3.56000,907800
1671805800,3.55000,3.58000,3.40000,3.48000,781200
1672151400,3.45000,3.47500,3.18000,3.22000,1256400
1672237800,3.13000,3.41000,3.11000,3.25000,1491500
1672324200,3.31000,3.49800,3.27000,3.45000,1575800
1672410600,3.42000,3.53000,3.31000,3.51000,874200
1672756200,3.59000,3.72000,3.54900,3.61000,756400
1672842600,3.68000,3.81000,3.65000,3.81000,665800
1672929000,3.80000,3.80000,3.62500,3.63000,499400
1673015400,3.63000,3.87500,3.53000,3.82000,717600
1673274600,3.85000,4.15000,3.84000,4.05000,1148700
1673361000,4.05000,4.09000,3.95000,4.07000,789300
1673447400,4.05000,4.20500,3.97000,4.19000,941800
1673533800,4.26000,4.51000,4.14000,4.50000,1360500
1673620200,4.43000,4.60000,4.42000,4.58000,1236900
1673965800,4.56000,4.60500,4.50500,4.60000,1774900
1674052200,4.60000,4.62000,4.31500,4.41000,1057500
1674138600,4.35000,4.41000,4.12000,4.26000,908400
1674225000,4.32000,4.45000,4.25000,4.40000,571600
1674484200,4.44000,4.77000,4.39200,4.75000,987600
1674570600,4.71000,5.01000,4.68000,4.84000,1425900
1674657000,4.74000,4.99000,4.64000,4.98000,716700
1674743400,5.02000,5.07000,4.79000,5.01000,744800
1674829800,4.97500,5.25000,4.93000,5.17000,822800
1675089000,5.09000,5.09000,4.92000,4.93000,649800
1675175400,4.96000,5.06500,4.82000,4.96000,1396000
1675261800,5.02000,5.65000,5.02000,5.56000,1877600
1675348200,5.58000,5.90000,5.53000,5.84000,1435700
1675434600,5.70000,6.05000,5.63200,5.80000,1408500
1675693800,5.76000,5.86000,5.60500,5.65000,814300
1675780200,5.62000,5.79000,5.41000,5.73000,1257100
1675866600,5.80000,6.04000,5.42000,5.46000,981800
1675953000,5.60000,5.88000,5.28000,5.37000,1193800
1676039400,5.31000,5.44000,5.17000,5.33000,949200
1676298600,5.40000,5.41500,5.22000,5.32000,737100
1676385000,5.25000,5.77500,5.25000,5.65000,1017100
1676471400,5.61000,5.89000,5.58000,5.85000,881600
1676557800,5.70000,6.08000,5.66000,5.84000,1102000
1676644200,5.89000,5.93000,5.69900,5.77000,638100
1676989800,5.70000,6.00000,5.06500,5.07000,2197000
1677076200,5.15000,5.45900,5.14000,5.40500,1160500
1677162600,5.62000,5.93500,5.57000,5.77000,1615200
1677249000,5.90000,6.96000,5.63000,6.13000,6150800
1677508200,6.01000,6.51500,5.95500,6.45000,2719200
1677594600,6.19000,6.55500,6.19000,6.49000,2726800
1677681000,6.54000,6.58000,6.08000,6.09000,1601600
1677767400,5.92000,6.14500,5.53000,6.07000,2271600
1677853800,5.82000,6.45500,5.82000,6.32000,1466100
1678113000,6.43000,6.75000,6.27000,6.31000,2215700
1678199400,6.12000,6.67500,6.12000,6.32000,2244500
1678285800,6.45000,6.78000,6.38000,6.75000,1589000
1678372200,6.63000,6.81000,6.32000,6.33000,1725200
1678458600,6.34000,6.55000,6.00000,6.17000,1688100
1678714200,6.04000,6.42500,5.82100,6.38000,1600400
1678800600,6.47000,6.64500,6.27000,6.49000,1471600
1678887000,6.30000,6.35000,5.84000,6.04000,2197200
1678973400,6.06000,6.75000,5.97000,6.66500,1673800
1679059800,6.55000,6.69000,6.29900,6.39000,2659800
1679319000,6.33000,6.46500,6.24000,6.45000,1063000
1679405400,6.49000,7.13000,6.49000,7.10000,1865400
1679491800,7.06000,7.28000,6.82000,6.82000,1479500
1679578200,7.03000,7.10000,6.61000,6.88000,1581100
1679664600,6.70000,6.73000,6.24000,6.50000,2371000
1679923800,6.55000,6.92800,6.38000,6.87000,1665000
1680010200,6.85000,6.85000,6.26000,6.46000,2369600
1680096600,6.59000,6.94000,6.43000,6.90000,1687700
1680183000,7.05000,7.06000,6.90500,6.95000,4449200
1680269400,6.97000,7.37000,6.86000,7.31000,3046700
1680528600,7.30000,7.46000,7.02000,7.23000,1511500
1680615000,7.26000,7.28000,7.05500,7.23000,1323300
1680701400,7.17000,7.32500,6.63000,6.83000,1757700
1680787800,6.76000,6.88000,6.52000,6.77000,1202700
1681133400,6.70000,7.00000,6.56000,6.97000,931900
1681219800,7.00000,7.02000,6.75000,6.87000,836700
1681306200,7.00000,7.09000,6.66000,6.71000,908300
1681392600,6.83000,6.92000,6.73000,6.73000,622000
1681479000,6.72000,6.92000,6.66000,6.78000,1007700
1681738200,6.76000,7.14000,6.66200,6.81000,1382500
1681824600,6.88000,7.00000,6.76000,6.97000,1222500
1681911000,6.87000,6.92800,6.72500,6.82000,850100
1681997400,6.68000,6.85000,6.62000,6.77000,1145000
1682083800,6.80000,6.94900,6.55000,6.88000,1268300
1682343000,6.84000,6.90000,6.34000,6.44000,1498800
1682429400,6.34000,6.36000,5.51000,5.64000,2144800
1682515800,5.81000,5.94000,5.36000,5.48000,1629100
1682602200,5.50000,5.50000,5.24000,5.28000,1094300
1682688600,5.34500,5.38000,5.16000,5.33000,1118900
1682947800,5.35000,5.54000,5.28500,5.37000,1077800
1683034200,5.37000,5.50000,5.30000,5.43000,959400
1683120600,5.39000,5.80000,5.34000,5.66000,996500
1683207000,5.63000,5.76900,5.45000,5.65000,1298200
1683293400,5.72000,6.12500,5.70500,6.09000,1012900
1683552600,6.12000,6.55000,5.96000,6.47000,1337100
1683639000,6.35000,6.47500,6.21000,6.39000,861000
1683725400,6.56000,6.65000,6.39200,6.42000,1074800
1683811800,6.40000,6.43000,6.03500,6.23000,899500
1683898200,6.30000,6.34000,6.09500,6.25000,841300
1684157400,6.29000,6.82500,6.00000,6.64000,2311900
1684243800,6.85000,8.11000,6.85000,7.99000,8493300
1684330200,8.00000,8.50000,7.84000,8.33000,5375300
1684416600,8.42000,8.74000,8.26100,8.50000,2902600
1684503000,8.50000,8.52000,8.20000,8.50000,2578900
1684762200,8.47000,9.21000,8.41000,9.16000,2471300
1684848600,9.00000,9.72000,8.86000,9.47000,2470000
1684935000,7.35000,7.92000,7.15000,7.51000,13643100
1685021400,7.99000,8.06000,7.15000,7.53000,4738100
1685107800,7.57000,8.57000,7.57000,8.51000,4809300
1685453400,8.85000,8.93600,8.01000,8.51000,3248200
1685539800,8.35000,8.62000,7.96000,8.55000,4330200
1685626200,8.50000,8.96500,8.36000,8.87000,2260500
1685712600,9.00000,9.00000,8.66100,8.94000,1422100
1685971800,8.89000,9.09000,8.66000,9.02000,1287700
1686058200,9.01000,9.28000,8.84000,9.04000,2004600
1686144600,9.06000,9.30500,8.90000,9.07000,2057500
1686231000,9.10000,9.34000,8.97000,9.32000,1766800
1686317400,9.38000,9.46500,9.17000,9.25000,1378400
1686576600,9.32000,10.10000,9.19000,9.77000,3900800
1686663000,10.00000,10.11000,9.63200,9.99000,2954700
1686749400,9.92000,10.11500,9.73000,10.00000,2503200
1686835800,9.81000,10.00000,9.57000,9.59000,1719800
1686922200,9.57000,9.59000,9.20000,9.38000,3134800
1687267800,9.36000,9.51000,8.89100,9.04000,2031200
1687354200,8.94000,9.18500,8.71500,8.84000,1909800
1687440600,8.77000,9.05000,8.71000,8.86000,1444800
1687527000,8.65000,8.88000,8.53000,8.77000,16668600
1687786200,8.72000,9.13000,8.69000,8.94000,1851600
1687872600,9.03000,9.37000,8.84500,9.32000,1515900
1687959000,9.11000,9.83500,9.08000,9.83000,1550000
1688045400,9.91000,10.37000,9.84500,9.98000,2399700
1688131800,10.05000,10.62000,10.00000,10.54000,2544900
1688391000,10.54000,10.80000,10.18000,10.40000,1153200
1688563800,10.38000,11.16500,10.28200,10.55000,2133900
1688650200,10.43000,10.45500,9.88000,10.01000,2097800
1688736600,10.08000,10.66000,9.96000,10.20000,1331400
1688995800,10.25000,10.36000,9.91000,10.26000,1416400
1689082200,10.30000,10.40000,10.04000,10.31000,1140500
1689168600,10.60000,10.87900,10.23100,10.34000,1474400
1689255000,10.43000,10.79000,10.34000,10.69000,1167500
1689341400,10.73000,10.78000,9.89000,9.97000,1474700
1689600600,10.16000,10.48000,9.76000,10.39000,1339200
1689687000,10.43000,10.75000,10.38000,10.64000,1298300
1689773400,10.65000,10.73500,10.15500,10.30000,1339600
1689859800,10.12000,10.12000,9.43000,9.56000,2455000
1689946200,9.67000,9.74000,9.25500,9.59000,1641500
1690205400,9.57000,9.63000,9.25000,9.53000,1242100
1690291800,9.60000,10.16500,9.53000,10.01000,1637500
1690378200,9.91000,9.98500,9.56000,9.62000,1418500
1690464600,9.88000,9.94500,9.60100,9.71000,1170300
1690551000,9.97000,10.19000,9.78000,10.07000,1116400
1690810200,10.14000,10.59000,10.11000,10.58000,1448600
1690896600,10.41000,10.90000,10.40000,10.83000,1238000
1690983000,10.59000,10.60000,9.79000,9.95000,1560900
1691069400,9.86000,10.02000,9.66000,9.88000,811000
1691155800,9.79000,9.92000,9.55000,9.69000,1092600
1691415000,9.70000,9.70000,9.07000,9.34000,1387300
1691501400,9.10000,9.20000,8.87000,9.18000,1333100
1691587800,9.17000,9.22000,8.71000,8.84000,1777900
1691674200,8.90000,9.07500,8.76500,8.86000,1436900
1691760600,8.76000,8.80000,8.23500,8.30000,2678300
1692019800,8.28000,8.68000,8.15000,8.61000,2881600
1692106200,9.81000,10.10000,8.46000,9.01000,8676100
1692192600,9.01000,9.02000,8.22000,8.25000,3974800
1692279000,8.19000,8.21000,7.39000,7.77500,3885100
1692365400,7.61000,8.05000,7.50000,7.92000,1984800
1692624600,7.96000,8.47000,7.83000,8.41000,1981100
1692711000,8.60000,8.64500,8.04000,8.48000,2692400
1692797400,8.46000,8.69200,8.28000,8.61000,1671200
1692883800,8.80000,8.86000,8.02500,8.29000,2693300
1692970200,8.35000,8.57000,8.17200,8.49000,1546200
1693229400,8.50000,8.59000,8.06500,8.42000,2128500
1693315800,8.20000,8.39000,8.01000,8.18000,2881900
1693402200,8.14000,8.47500,8.01100,8.44000,3201400
1693488600,8.47000,8.89000,8.43000,8.83000,3067900
1693575000,8.90000,8.94900,8.70000,8.76000,1323700
1693920600,8.50000,8.85500,8.50000,8.58000,1582100
1694007000,8.58000,8.78000,8.48000,8.55000,2333200
1694093400,8.35000,8.37000,8.06000,8.25000,2396100
1694179800,8.23000,8.33500,8.10500,8.26000,1468600
1694439000,8.42000,8.45900,7.95000,8.11000,2052900
1694525400,8.10000,8.36000,8.07000,8.08000,2787300
1694611800,8.04000,8.07000,7.74000,7.75000,1890300
1694698200,7.85000,8.04500,7.74000,7.77000,1714600
1694784600,7.77000,7.81500,7.53000,7.59000,6439700
1695043800,7.50000,7.78000,7.44000,7.70000,1181500
1695130200,7.70000,7.70000,7.44000,7.48000,1157700
1695216600,7.52000,7.59000,7.22500,7.24000,868500
1695303000,7.01000,7.08000,6.81000,6.82000,1424700
1695389400,6.98000,7.17000,6.88000,6.96000,1353200
1695648600,6.87000,7.07000,6.80000,7.02000,1155400
1695735000,6.95000,7.06000,6.74500,6.79000,1436600
1695821400,6.89000,6.99000,6.72000,6.87000,937100
1695907800,6.88000,7.12500,6.73000,6.82000,2049500
1695994200,7.01000,7.07000,6.82100,6.95000,2601200
1696253400,6.95000,7.09500,6.86500,6.95000,1351800
1696339800,6.85000,6.93000,6.61000,6.68000,1195100
1696426200,6.73000,6.77000,6.54500,6.73000,1327900
1696512600,6.71000,6.73500,6.26500,6.32000,1717900
1696599000,6.21000,6.45500,6.17000,6.43000,1357700
1696858200,6.28000,6.42000,6.00000,6.05000,1531400
1696944600,6.05000,6.56000,6.05000,6.36000,1400600
1697031000,6.47000,6.55000,6.24000,6.30000,941800
1697117400,6.36000,6.50000,6.14000,6.25000,1369600
1697203800,6.25000,6.26000,5.80000,5.89000,2476100
1697463000,5.94000,6.01000,5.83000,5.89000,1426500
1697549400,5.82000,6.03000,5.64000,5.91000,1644700
1697635800,5.82000,5.83500,5.69300,5.78000,1579800
1697722200,5.82000,5.89000,5.73000,5.74000,1222100
1697808600,5.72000,5.81500,5.53500,5.59000,1257200
1698067800,5.54000,5.55000,5.38000,5.38000,1792600
1698154200,5.48000,5.75500,5.48000,5.59000,1655200
1698240600,5.45000,5.47000,5.28000,5.29000,1275200
1698327000,5.29000,5.42000,5.18000,5.20000,1321700
1698413400,5.28000,5.28000,5.07000,5.15000,1431000
1698672600,5.15000,5.21000,4.81000,4.83000,2523500
1698759000,4.79000,5.25500,4.76000,5.24000,2386500
1698845400,5.24000,5.48000,5.12000,5.46000,2931200
1698931800,5.73000,5.93000,5.67000,5.82000,2389600
1699018200,5.99000,6.24000,5.94000,6.17000,2151200
1699281000,6.29000,6.38000,5.85000,5.98000,2344100
1699367400,6.00000,6.20000,5.88500,6.03000,1149000
1699453800,6.01000,6.05000,5.78500,5.83000,2124700
1699540200,6.05000,6.09000,5.63000,5.69000,2872900
1699626600,6.38000,6.48000,5.96500,6.26000,3545200
1699885800,6.21000,6.23000,5.85000,6.01000,2137700
1699972200,6.25000,6.42000,6.22500,6.41000,1949800
1700058600,6.51000,6.85000,6.38000,6.59000,1772400
1700145000,6.53000,6.76500,6.45000,6.74000,1779600
1700231400,6.74000,6.95000,6.64000,6.93000,1985500
1700490600,7.02000,7.25000,7.00000,7.09000,2062100
1700577000,6.97000,7.06500,6.82500,6.86000,1832800
1700663400,6.98000,7.34000,6.98000,7.08000,2037500
1700836200,7.06000,7.42000,7.02000,7.22000,816300
1701095400,7.20000,7.26500,6.94000,6.97000,1284900
1701181800,6.96000,7.11500,6.83500,7.09000,4404600
1701268200,7.23000,7.41900,7.00000,7.06000,1830900
1701354600,7.12000,7.12400,6.89000,6.94000,1601900
1701441000,6.93000,7.21000,6.77000,7.16000,1321500
1701700200,7.05000,7.28000,7.00000,7.26000,1180900
1701786600,7.20000,7.24000,7.09000,7.13000,1030200
1701873000,7.29000,7.60000,7.22000,7.29000,1851200
1701959400,7.33000,7.63500,7.27000,7.58000,1634900
1702045800,7.52000,7.69500,7.42100,7.54000,5629600
1702305000,7.57000,7.69000,7.50000,7.55000,1537800
1702391400,7.59000,7.60000,7.43100,7.53000,1426300
1702477800,7.52000,7.85000,7.37000,7.85000,2617700
1702564200,8.00000,8.30000,7.95000,8.29000,3676700
1702650600,8.42000,8.44000,8.01000,8.16000,4175400
1702909800,8.17000,8.22000,8.02000,8.13000,1847000
1702996200,8.20000,8.32500,8.08500,8.19000,2287400
1703082600,8.05000,8.29000,7.80000,7.82000,2482900
1703169000,8.03000,8.14300,7.92000,8.10000,1353900
1703255400,8.16000,8.33000,8.06000,8.15000,1125000
1703601000,8.20000,8.43500,8.19000,8.36000,1606100
1703687400,8.43000,8.43000,8.22500,8.34000,1125800
1703773800,8.30000,8.37000,8.19000,8.30000,1098000
1703860200,8.35000,8.39000,8.02000,8.07000,1637500
1704205800,7.92000,7.92000,7.53000,7.63000,1653300
1704292200,7.40000,7.50500,7.19000,7.22000,2629500
1704378600,7.06000,7.14000,6.90500,7.10000,2423900
1704465000,7.05000,7.14000,6.84500,6.93000,1644500
1704724200,7.03000,7.27000,6.94000,7.19000,1447200
1704810600,7.08000,7.31500,7.03000,7.16000,1416700
1704897000,7.17000,7.21000,6.88300,7.11000,2311200
1704983400,7.11000,7.15000,6.45000,6.65000,3403900
1705069800,6.69000,6.87000,6.54000,6.55000,1259800
1705415400,6.50000,6.53500,6.24000,6.33000,2135100
1705501800,6.20000,6.20000,5.94500,6.07000,3263100
1705588200,6.24000,6.30500,6.02000,6.15000,1869400
1705674600,6.27000,6.28000,6.06000,6.28000,1241600
1705933800,6.30000,6.72000,6.30000,6.50000,1601900
1706020200,6.60000,6.67500,6.42500,6.52000,1273400
1706106600,6.55000,6.59000,6.36000,6.38000,1366600
1706193000,6.54000,6.61500,6.30000,6.33000,1666400
1706279400,6.34000,6.43000,6.18000,6.20000,1353600
1706538600,6.21000,6.41000,6.14000,6.41000,1303300
1706625000,6.36000,6.43000,6.11000,6.12000,1072500
1706711400,6.05000,6.16000,5.70000,5.73000,2452900
1706797800,5.81000,6.02000,5.61000,5.68000,2120000
1706884200,5.61000,5.67000,5.47000,5.63000,1576800
1707143400,5.63000,5.69000,5.51000,5.59000,1115900
1707229800,5.57000,5.78500,5.57000,5.71000,1610700
1707316200,5.72000,5.73000,5.52000,5.68000,1837100
1707402600,5.71000,6.46000,5.69000,6.33000,2946500
1707489000,6.43000,6.89000,6.43000,6.70000,2796400
1707748200,6.80000,7.19000,6.71000,6.81000,2398600
1707834600,6.41000,6.57500,6.27500,6.36000,2647400
1707921000,6.58000,6.80000,6.53000,6.79000,1408500
1708007400,6.93000,6.95000,6.64500,6.72000,1612100
1708093800,6.65000,6.71000,6.31300,6.34000,1639500
1708439400,6.28000,6.30000,6.11500,6.28000,1663500
1708525800,6.12000,6.23000,5.92000,5.98000,2122800
1708612200,6.21000,6.26000,5.86000,5.88000,2033500
1708698600,5.89000,5.89000,5.65000,5.70000,1856100
1708957800,5.81000,5.94000,5.67000,5.68000,3925300
1709044200,5.81000,5.84000,5.62000,5.73000,5846600
1709130600,5.76000,5.89000,5.60000,5.77000,4962700
1709217000,5.95000,6.21000,5.92000,6.14000,6839200
1709303400,7.32000,7.40000,5.55500,5.66000,13591900
1709562600,5.81000,6.02500,5.73000,5.77000,5005300
1709649000,5.67000,5.71000,5.32000,5.38000,4235800
1709735400,5.51000,5.66000,5.19000,5.35000,3773500
1709821800,5.32000,5.50000,5.27000,5.38000,4233700
1709908200,5.42000,5.45500,4.84000,4.85000,5994700
1710163800,5.01000,5.24000,4.88000,5.14000,5127100
1710250200,5.21500,5.24000,4.99500,5.21000,3776800
1710336600,5.13000,5.38000,5.11000,5.13000,3406900
1710423000,5.11000,5.11000,4.62000,4.69000,5101600
1710509400,4.64000,4.73000,4.56000,4.60000,7878400
1710768600,4.62000,4.72000,4.48000,4.69000,4124000
1710855000,4.59000,4.84000,4.52000,4.76000,3455200
1710941400,4.75000,4.84500,4.47000,4.70000,3562300
1711027800,4.79000,4.93000,4.45000,4.46000,4970300
1711114200,4.48000,4.48000,4.25000,4.27000,4731200
1711373400,4.23000,4.50000,4.16000,4.43000,2542600
1711459800,4.53000,4.64000,4.27000,4.29000,3409700
1711546200,4.37000,4.65000,4.37000,4.58000,3194100
1711632600,4.60000,4.92000,4.59000,4.77000,3175800
1711978200,4.85000,4.88000,4.61000,4.86000,3063400
1712064600,4.73000,4.77000,4.58000,4.65000,2173200
1712151000,4.60000,4.64000,4.40500,4.62000,2261300
1712237400,4.72000,4.82000,4.48000,4.52000,1591600
1712323800,4.55000,4.62000,4.45000,4.58000,1604800
1712583000,4.46000,4.64000,4.46000,4.58000,2120600
1712669400,4.65000,4.81000,4.57500,4.70000,2206900
1712755800,4.51000,4.54000,4.28500,4.31000,3324600
1712842200,4.35000,4.39000,4.23000,4.37000,1854000
1712928600,4.33000,4.36000,4.22000,4.32000,2386500
1713187800,4.33000,4.33000,3.80300,4.19000,4605900
1713274200,4.12000,4.14000,3.94000,4.07000,1974500
1713360600,4.09000,4.20000,3.90000,3.90000,1827000
1713447000,3.90000,4.01000,3.82300,3.86000,1703500
1713533400,3.83000,3.86000,3.63000,3.64000,3101900
1713792600,3.71000,3.71000,3.53500,3.67000,2736500
1713879000,3.66000,3.85000,3.62500,3.79000,2230200
1713965400,3.88000,4.20000,3.85000,4.13000,3111000
1714051800,4.05000,4.17000,3.92000,4.14000,2038600
1714138200,4.13000,4.53500,4.10000,4.46000,2380100
1714397400,4.53000,4.64000,4.41000,4.45000,2049100
1714483800,4.40000,4.42000,4.21500,4.33000,2239700
1714570200,4.26000,4.48000,4.16000,4.27000,1985600
1714656600,4.38000,4.40500,4.21000,4.34000,1618100
1714743000,4.48000,4.66000,4.36000,4.65000,2701400
1715002200,4.78000,4.85000,4.71000,4.80000,1662200
1715088600,4.82000,4.83000,4.63000,4.69000,1558900
1715175000,4.60000,4.67000,4.51000,4.58000,2083800
1715261400,4.55000,4.73000,4.43000,4.69000,2851700
1715347800,4.19000,4.46500,4.00000,4.10000,5576300
1715607000,4.02000,4.12000,3.87500,3.97000,3788400
1715693400,4.02000,4.16000,3.92000,4.00000,3547900
1715779800,4.06000,4.11000,3.88000,3.97000,2517400
1715866200,4.00000,4.03500,3.90000,3.91000,1858100
1715952600,3.93000,3.96000,3.78000,3.82000,1804100
1716211800,3.81000,3.87000,3.76000,3.79000,1526600
1716298200,3.76000,3.80500,3.74500,3.75000,1406800
1716384600,3.75000,3.95000,3.74500,3.79000,2167500
1716471000,3.82000,3.84000,3.55000,3.61000,2635400
1716557400,3.67000,3.72000,3.62000,3.70000,1370300
1716903000,3.74000,3.79000,3.60000,3.63000,1803800
1716989400,3.60000,3.62000,3.48000,3.61000,2524200
1717075800,3.61000,4.05000,3.61000,3.95000,3595400
1717162200,4.01000,4.13500,3.81000,3.91000,2455200
1717421400,4.03000,4.16000,4.00000,4.11000,2909900
1717507800,4.10000,4.17000,4.02000,4.15000,2993700
1717594200,4.20000,4.58000,4.12000,4.57000,3312300
1717680600,4.64000,4.65000,4.41000,4.64000,2654600
1717767000,4.58000,4.65000,4.36000,4.45000,2055300
1718026200,4.41000,4.56000,4.26000,4.55000,2206700
1718112600,4.44000,4.59600,4.36000,4.54000,2174200
1718199000,4.70000,5.13500,4.66000,4.85000,4382200
1718285400,4.87000,4.89600,4.51500,4.64000,2879300
1718371800,4.56000,4.56500,4.32000,4.39000,1845400
1718631000,4.33000,4.38000,4.12000,4.27000,2352500
1718717400,4.23000,4.28000,4.13000,4.22000,2053300
1718890200,4.22000,4.22000,4.06500,4.12000,2499800
1718976600,4.10000,4.29000,4.07000,4.17000,6594900
1719235800,4.20000,4.28400,3.97000,4.00000,1802700
1719322200,4.04000,4.04000,3.86000,3.88000,1652100
1719408600,3.90000,3.97000,3.86000,3.96000,1345700
1719495000,3.94000,4.03000,3.88200,3.96000,1355500
1719581400,4.07000,4.10900,3.86500,3.93000,4699700
1719840600,3.95000,4.02000,3.86000,3.91000,1728900
1719927000,3.90000,4.02000,3.89000,3.98000,1795900
1720013400,4.04000,4.11000,4.00500,4.03000,1140100
1720186200,4.05000,4.15000,4.04000,4.11000,1263400
1720445400,4.13000,4.41000,4.12000,4.39000,1711000
1720531800,4.44000,4.49000,4.20500,4.28000,1771100
1720618200,4.34000,4.49000,4.26000,4.47000,2748000
1720704600,4.63000,4.66000,4.51100,4.57000,2958200
1720791000,4.67000,4.78500,4.61600,4.77000,2881700
1721050200,4.82000,4.86000,4.68500,4.81000,2117200
1721136600,4.86000,4.93000,4.71500,4.92000,3026200
1721223000,4.76000,4.83500,4.48000,4.55000,3246900
1721309400,4.62000,4.65000,4.11500,4.17000,2592800
1721395800,4.15000,4.18000,3.99000,4.03000,2046500
1721655000,4.17000,4.17500,4.07500,4.16000,2167200
1721741400,4.16000,4.29500,4.11000,4.16000,1704700
1721827800,4.10000,4.20000,3.95000,3.95000,1643300
1721914200,3.94000,4.07000,3.83000,3.94000,2077700
1722000600,4.06000,4.08500,3.80500,3.83000,2861100
1722259800,3.90000,3.98000,3.80000,3.88000,2316300
1722346200,3.90000,3.90000,3.53000,3.58000,3403100
1722432600,3.70000,3.85500,3.62000,3.71000,3028200
1722519000,3.71000,3.77000,3.33000,3.37000,2984300
1722605400,3.21000,3.34000,3.11000,3.25000,2669200
1722864600,2.97000,3.22900,2.94000,3.05000,4337400
1722951000,3.23000,3.25000,3.02500,3.21000,3502500
1723037400,3.33000,3.39000,3.10000,3.19000,4078600
1723123800,3.30000,3.34000,3.10000,3.13000,2478700
1723210200,3.15000,3.22000,2.99000,3.02000,2524500
1723469400,3.05000,3.05000,2.87000,2.87000,2311500
1723555800,2.92000,3.12000,2.90500,3.08000,2124600
1723642200,3.12000,3.18000,2.87000,2.93000,2055000
1723728600,3.00000,3.17000,3.00000,3.14000,1807600
1723815000,3.12000,3.16500,3.08000,3.10000,1618700
1724074200,3.08000,3.17000,3.02000,3.16000,2611800
1724160600,3.12000,3.12000,2.95500,3.01000,1422300
1724247000,3.03000,3.13000,3.02000,3.12000,1783000
1724333400,3.15000,3.19000,3.00000,3.01000,1484500
1724419800,3.03000,3.21500,3.03000,3.09000,1671800
1724679000,3.12000,3.15000,3.02000,3.12000,1412300
1724765400,3.12000,3.18000,3.07100,3.09000,1908500
1724851800,3.08000,3.10000,2.90000,2.93000,2490100
1724938200,2.96000,3.16000,2.91000,3.10000,3121100
1725024600,3.18000,3.18800,2.97000,3.02000,2990200
1725370200,3.01000,3.03500,2.57000,2.58000,4524600
1725456600,2.55000,2.63000,2.38000,2.52000,5105800
1725543000,2.49000,2.52500,2.40000,2.43000,2428400
1725629400,2.43000,2.45000,2.32000,2.33000,3504600
1725888600,2.37000,2.42000,2.27000,2.27000,2972800
1725975000,2.26000,2.31500,2.22000,2.30000,1924400
1726061400,2.32000,2.50000,2.24000,2.47000,2549300
1726147800,2.45000,2.47000,2.30000,2.32000,2081400
1726234200,2.36000,2.56000,2.36000,2.56000,2755300
1726493400,2.53000,2.58000,2.46000,2.54000,2494800
1726579800,2.41000,2.49000,2.23100,2.31000,4709700
1726666200,2.35000,2.48000,2.25000,2.28500,3406200
1726752600,2.40000,2.42000,2.31000,2.40000,2002500
1726839000,2.37000,2.37500,2.22000,2.23000,3792700
1727098200,2.25000,2.36000,2.17000,2.18000,2808300
1727184600,2.17000,2.28000,2.14000,2.24000,2652200
1727271000,2.23000,2.28000,2.19000,2.20000,1412800
1727357400,2.28000,2.50000,2.27500,2.44000,4119100
1727443800,2.51000,2.70000,2.51000,2.58000,5246400
1727703000,2.58000,2.63000,2.42500,2.45000,2297900
1727789400,2.42000,2.47000,2.28000,2.30000,2387200
1727875800,2.32000,2.52000,2.30000,2.48000,2882500
1727962200,2.44000,2.47000,2.35000,2.39000,1948000
1728048600,2.49000,2.51600,2.37000,2.44000,1609100
1728307800,2.44000,2.50000,2.37000,2.42000,1663700
1728394200,2.41000,2.41900,2.35000,2.37000,1055100
1728480600,2.37000,2.50000,2.34000,2.48000,1628400
1728567000,2.43000,2.44500,2.36000,2.41000,1186300
1728653400,2.38000,2.63000,2.38000,2.55000,2080400
1728912600,2.55000,2.57500,2.48500,2.52000,1494900
1728999000,2.55000,2.65000,2.48000,2.51000,1608200
1729085400,2.53000,2.61000,2.51000,2.59000,1598300
1729171800,2.65000,2.70000,2.55000,2.56000,2106500
1729258200,2.59000,2.65000,2.51500,2.56000,1627600
1729517400,2.54000,2.56000,2.45000,2.56000,1907300
1729603800,2.55000,2.65500,2.54000,2.60000,2021600
1729690200,2.60000,2.63500,2.43000,2.49000,1841500
1729776600,2.49000,2.56000,2.47000,2.50000,1389200
1729863000,2.54000,2.64000,2.50000,2.55000,1981000
1730122200,2.60000,2.91000,2.56000,2.78000,3991300
1730208600,2.86000,2.90000,2.72000,2.85000,3164900
1730295000,2.80000,2.81500,2.67000,2.67000,2549600
1730381400,2.65000,2.66900,2.43000,2.47000,2964000
1730467800,2.51000,2.64000,2.50000,2.58000,1987800
1730730600,2.69000,2.69000,2.50000,2.61000,4640800
1730817000,2.25000,2.50000,2.20000,2.36000,6141400
1730903400,2.36000,2.44000,2.24000,2.30000,3668300
1730989800,2.27000,2.33000,2.18500,2.20000,3443900
1731076200,2.20000,2.27000,2.13000,2.16000,2915700
1731335400,2.17000,2.18500,1.98000,2.04000,4834400
1731421800,2.00000,2.03000,1.87000,1.88000,4682000
1731508200,1.90000,1.92000,1.77000,1.79000,5148400
1731594600,1.84000,1.93000,1.80000,1.88000,3345100
1731681000,1.88000,1.88000,1.76000,1.78000,2460200
1731940200,1.79000,1.84000,1.75000,1.78000,2049800
1732026600,1.77000,1.87600,1.76000,1.86000,1677500
1732113000,1.85000,1.87000,1.79000,1.83000,1514100
1732199400,1.85000,2.04500,1.81000,2.02000,2851400
1732285800,2.06000,2.47000,2.05500,2.42000,7789800
1732545000,2.61000,2.82000,2.54000,2.78000,7867600
1732631400,2.76000,2.84000,2.51000,2.55000,4987000
1732717800,2.55000,2.59000,2.33500,2.46000,3017600
1732890600,2.54000,2.89000,2.48000,2.75000,4479000
1733149800,2.80000,3.10000,2.77000,3.02000,7000600
1733236200,3.00000,3.29000,2.91000,3.14000,8219100
1733322600,3.40000,3.80000,3.15000,3.21000,13681500
1733409000,3.46000,3.99000,3.42000,3.77000,15060500
1733495400,4.00000,4.27000,3.67000,3.77000,12959100
1733754600,4.10000,4.65600,3.78000,4.33000,18999900
1733841000,4.50000,4.54800,4.03000,4.35000,12551700
1733927400,4.45000,4.53000,4.05000,4.08000,9506800
1734013800,3.86000,4.14000,3.56000,3.60000,12038400
1734100200,3.75000,3.78000,3.42000,3.44000,7413400
1734359400,3.40000,3.43000,3.17000,3.24000,9135800
1734445800,3.25000,3.41000,3.10000,3.26000,6714100
1734532200,3.31000,3.64000,3.18000,3.30000,9846500
1734618600,3.32000,3.44000,2.78000,2.81000,8612000
1734705000,2.77000,3.29000,2.74000,3.17000,10230900
1734964200,3.25000,3.95000,3.23000,3.86000,13979800
1735050600,4.12000,4.14500,3.78000,3.98000,7800700
1735223400,3.94000,4.13000,3.78000,4.12000,6137100
1735309800,4.14000,4.17000,3.83000,4.03000,5118100
1735569000,3.85000,3.97000,3.69000,3.90000,5295300
1735655400,3.92000,3.94000,3.44000,3.57000,6228900
1735828200,3.66000,3.72000,3.37000,3.49000,4967900
1735914600,3.52000,4.00000,3.46000,3.99000,6179700
1736173800,4.10000,4.55000,4.06400,4.25000,9126300
1736260200,4.27000,4.32000,3.86000,3.91000,5579500
1736346600,3.78000,3.80000,3.36000,3.43000,5530800
1736519400,3.40000,3.40000,3.14000,3.25500,4085300
1736778600,3.10000,3.22500,2.92000,2.96000,5602300
1736865000,3.12000,3.24000,2.95500,3.09000,4707000
1736951400,3.26000,3.68000,3.19000,3.52000,5363100
1737037800,3.48000,3.61000,3.31000,3.31000,3402700
1737124200,3.40000,3.51000,3.26000,3.26000,2803300
1737469800,3.34000,3.60000,3.25000,3.56000,3986100
1737556200,3.53000,3.62000,3.30000,3.37000,3131500
1737642600,3.26000,3.38000,3.21000,3.35000,2555800
1737729000,3.35000,3.76000,3.35000,3.45000,4848600
1737988200,3.27000,3.37000,2.97000,2.99000,5810300
1738074600,3.14000,3.19000,2.91000,2.98000,3777100
1738161000,3.00000,3.10000,2.90000,2.98000,2216700
1738247400,3.03000,3.08000,2.95000,3.03000,2312100
1738333800,3.02000,3.42000,3.01500,3.03000,4983700
1738593000,2.83000,3.00500,2.80000,2.90000,3507500
1738679400,2.90000,3.07000,2.87000,3.01000,2264100
1738765800,3.05000,3.25000,3.01000,3.14000,3119500
1738852200,3.17000,3.23000,3.01000,3.04000,2487000
1738938600,3.04000,3.14000,2.95000,2.97000,2704600
1739197800,2.99000,3.04000,2.90000,2.91000,2758300
1739284200,2.86000,2.90000,2.76000,2.76000,2841800
1739370600,2.68000,2.89000,2.68000,2.85000,2699000
1739457000,2.85000,2.98100,2.82000,2.90000,3984400
1739543400,2.92000,3.06000,2.91500,3.00000,3321800
1739889000,3.03500,3.62000,3.02500,3.33000,8311200
1739975400,3.36000,3.55000,3.30000,3.44000,4865200
1740061800,3.40000,3.44000,3.26000,3.40000,2247900
1740148200,3.48000,3.59500,3.17000,3.17000,3121800
1740407400,3.15000,3.15000,2.89000,2.89000,5898000
1740493800,2.32000,2.56000,2.26000,2.39000,9821000
1740580200,2.43000,2.69000,2.42000,2.60000,4742000
1740666600,2.65000,2.70500,2.37000,2.38000,4910300
1740753000,2.35000,2.52000,2.30000,2.44000,4064000
1741012200,2.51000,2.52000,2.26000,2.29000,4114200
1741098600,2.20000,2.52500,2.19000,2.44000,3368200
1741185000,2.45500,2.67500,2.43000,2.64000,4707500
1741271400,2.50000,2.67000,2.48000,2.49000,3695000
1741357800,2.48000,2.60500,2.41000,2.54000,4029700
1741613400,2.45000,2.51000,2.23000,2.23500,4032000
1741699800,2.33500,2.58500,2.27000,2.54000,4648000
1741786200,2.64000,2.64000,2.44000,2.44000,3662400
1741872600,2.38000,2.45500,2.21000,2.24000,4927700
1741959000,2.32000,2.56000,2.28000,2.50000,5025700
1742218200,2.52000,2.69000,2.50000,2.65000,4123400
1742304600,2.60000,2.62000,2.47000,2.48000,3740600
1742391000,2.49000,2.60000,2.45000,2.53000,3538700
1742477400,2.46000,2.48000,2.27000,2.33000,4722700
1742563800,2.33000,2.38000,2.29000,2.33000,4234800
1742823000,2.41000,2.41000,2.20000,2.26000,6438200
1742909400,2.26000,2.33000,2.15000,2.21000,4439300
1742995800,2.20000,2.22000,2.11000,2.13000,3122200
1743082200,2.12000,2.12000,2.03000,2.04000,3309900
1743168600,2.03000,2.03000,1.82000,1.83000,6719000
1743427800,1.81000,2.06000,1.80000,2.05000,5314800
1743514200,2.03000,2.03500,1.89000,2.00000,4676400
1743600600,1.94000,1.99000,1.88500,1.91000,4020000
1743687000,1.83000,1.84000,1.60000,1.60500,6165500
1743773400,1.54000,1.82000,1.52000,1.81000,6667200
1744032600,1.61000,1.95000,1.60000,1.75000,6918700
1744119000,1.85000,1.87000,1.59000,1.63000,3918200
1744205400,1.59000,1.94500,1.55000,1.90000,7977200
1744291800,1.85000,1.85000,1.71000,1.76000,3158800
1744378200,1.78500,1.85000,1.71100,1.80000,2140200
1744637400,1.82000,1.84200,1.70000,1.74000,3416500
1744723800,1.73000,1.77000,1.70000,1.74000,1813800
1744810200,1.71000,1.78000,1.67000,1.73000,2704800
1744896600,1.74000,1.84000,1.72000,1.82000,1938800
1745242200,1.79000,1.82000,1.73500,1.80000,2716200
1745328600,1.84000,1.87000,1.77000,1.80000,2670400
1745415000,1.89000,1.98000,1.83000,1.86000,3087300
1745501400,1.87000,2.04000,1.87000,2.03000,4006400
1745587800,2.03000,2.05000,1.95000,2.05000,2131800
1745847000,2.01000,2.07000,1.95000,2.01000,2266400
1745933400,2.00000,2.03000,1.93000,1.96000,2144300
1746019800,1.93000,1.94000,1.84500,1.93000,2780400
1746106200,1.94000,1.99500,1.90000,1.91000,1867000
1746192600,1.98000,2.10000,1.96000,2.05000,2945600
1746451800,2.03000,2.06000,1.98000,2.00000,2415800
1746538200,1.90000,1.94000,1.80000,1.90500,2773100
1746624600,1.90000,1.96000,1.90000,1.95500,2125100
1746711000,1.98000,2.00000,1.85000,1.90000,4347400
1746797400,1.89000,1.99000,1.83000,1.88000,2940200
1747056600,2.00000,2.16000,1.99500,2.07000,5841300
1747143000,2.07000,2.18500,2.07000,2.14000,3205700
1747229400,2.16000,2.18000,2.04000,2.09000,2419300
1747315800,2.04000,2.08500,1.99000,2.07000,2722000
1747402200,2.08000,2.11000,2.05000,2.08000,2346600
1747661400,2.01000,2.04000,1.97000,2.03000,1495700
1747747800,2.02000,2.05000,1.96000,2.00000,2344600
1747834200,1.98000,2.06000,1.88000,1.91000,61759400
1747920600,4.90500,5.25000,4.03000,5.05000,276487800
1748007000,4.51000,4.91900,4.22000,4.41000,78011100
1748352600,4.53500,7.52900,4.53500,6.50000,271628300
1748439000,7.03000,7.11000,6.13000,6.16000,140280300
1748525400,6.53500,7.02000,5.22000,5.39000,104620300
1748611800,5.25100,5.40000,4.95000,5.10000,45067500
1748871000,5.03000,5.65000,4.99000,5.52000,57625700
1748957400,5.81500,6.59000,5.44000,5.94000,93332200
1749043800,6.16000,6.99000,5.83000,6.78000,103350900
1749130200,6.83000,6.84000,5.88000,6.05000,65669100
1749216600,6.40500,6.60000,6.00000,6.18000,43949500
1749475800,6.37000,7.87500,6.30000,7.30000,127280900
1749562200,7.98000,8.64000,7.53000,8.09000,133001600
1749648600,8.52500,9.17000,7.65000,7.96000,104392100
1749735000,7.76000,8.30000,7.68000,7.81000,47982800
1749821400,7.40000,7.80000,7.21000,7.32000,40696600
1750080600,7.55000,7.99000,7.04000,7.19000,60072700
1750167000,6.95000,7.06000,6.60000,6.86000,34144900
1750253400,6.82000,7.20000,6.80000,7.00000,29494100
1750426200,7.11000,7.47000,6.68000,7.01000,30968200
1750685400,6.80000,7.31000,6.31000,6.52000,42358300
1750771800,6.80500,7.38500,6.67000,7.35000,43421900
1750858200,7.64000,7.99000,7.00000,7.02000,35339200
1750944600,7.13000,7.34000,6.59000,6.61000,44514600
1751031000,6.70000,6.77000,6.47000,6.67000,28134000
1751290200,6.59500,6.73000,6.40000,6.55000,26774500
1751376600,6.37000,6.46000,6.06000,6.27000,24429800
1751463000,6.38000,6.60000,6.23000,6.32000,16458000
1751549400,6.33000,6.56000,6.26000,6.44000,15163300
1751895000,6.33000,6.34000,5.99000,6.15000,19121100
1751981400,6.21000,6.64000,6.20000,6.58000,21157000
1752067800,6.55500,6.62000,6.27000,6.43000,13805800
1752154200,6.43000,6.54000,6.23000,6.26000,16119500
1752240600,6.24000,6.24000,5.81000,5.84000,19182300
1752499800,5.82000,5.93000,5.68000,5.87000,15097800
1752586200,6.25000,6.50000,6.11000,6.23000,31072700
1752672600,6.21000,6.23000,5.92000,6.15000,15059900
1752759000,6.17000,6.40500,6.06000,6.27000,16530500
1752845400,6.37000,6.98000,6.33000,6.79000,30469100
1753104600,7.48000,9.48000,7.39100,8.47000,120768500
1753191000,8.79000,8.84000,7.80000,8.62000,53360700
1753277400,8.48000,8.82800,8.08000,8.82000,28880800
1753363800,8.86500,9.28000,8.42000,8.98000,32622200
1753450200,8.87500,9.20000,8.55000,8.79000,21875500
1753709400,8.88000,9.48000,8.33000,8.56000,27872900
1753795800,8.45000,8.51000,7.50000,7.52000,27836800
1753882200,7.56500,7.60500,7.10000,7.21000,19200400
1753968600,7.55000,7.78500,7.31000,7.33000,20828700
1754055000,7.01500,8.18500,6.95000,7.96000,32572000
1754314200,8.05000,8.28000,7.81000,8.05000,38057500
1754400600,6.28000,7.28000,6.24000,6.77000,57341300
1754487000,6.71000,6.75000,6.33000,6.35000,21336400
1754573400,6.50000,6.96000,6.47000,6.79000,26008300
1754659800,6.90000,7.00000,6.53000,6.66000,20808000
1754919000,6.72000,7.05000,6.54000,6.60000,15602500
1755005400,6.61000,7.02000,6.51000,6.96000,16450700
1755091800,7.04000,7.55500,7.03000,7.36000,21211800
1755178200,7.08000,7.29000,6.95000,7.25000,14031300
1755264600,7.20000,7.24000,6.77000,6.92000,13044300
1755523800,6.82500,6.91000,6.60000,6.77000,10217500
1755610200,6.77000,6.84000,6.42000,6.43000,12945000
1755696600,6.37500,6.42000,6.02000,6.25000,11302600
1755783000,6.19000,6.25000,6.09000,6.21000,7502000
1755869400,6.20000,6.58000,6.16000,6.43000,12638200
1756128600,6.29000,6.42000,6.20000,6.20000,10228300
1756215000,6.28500,6.33900,6.05000,6.09000,16833000
1756301400,6.12000,6.13500,5.96000,6.07000,11446400
1756387800,6.14000,6.29000,6.03000,6.04000,11584700
1756474200,6.02000,6.06000,5.78500,5.86000,12831500
1756819800,5.72000,5.87700,5.61000,5.76000,10691500
1756906200,5.77000,5.85000,5.67000,5.73000,9690100
1756992600,5.64000,5.75000,5.52000,5.54000,10615100
1757079000,5.65000,5.79000,5.44000,5.60000,14535000
1757338200,5.66000,5.82500,5.51000,5.61000,12858600
1757424600,5.69000,5.80500,5.64000,5.76000,13555300
1757511000,5.96000,6.03000,5.63000,5.64000,18000400
1757597400,5.67000,6.20500,5.65900,6.08000,21909000
1757683800,6.35000,6.50800,6.13200,6.17000,31238400
1757943000,6.23000,6.29500,5.97000,6.11000,17576300
1758029400,6.13000,6.17500,5.86000,5.89000,13645500
1758115800,5.89000,6.54000,5.83000,6.46000,28721600
1758202200,6.74000,6.92000,6.46000,6.73000,26796600
1758288600,6.69000,7.16000,6.52000,7.01000,31351600
1758547800,7.00000,7.33000,6.63000,7.16000,23495800
1758634200,7.14000,7.17500,6.72000,6.88000,21652500
1758720600,6.90000,7.35000,6.77000,6.86000,19817000
1758807000,6.54000,6.66000,6.31200,6.51000,16528500
1758893400,6.45000,6.48000,6.22000,6.43000,11984400
1759152600,6.81000,7.54000,6.79200,7.19000,43663500
1759239000,7.12000,7.32000,6.83000,7.22000,24484000
1759325400,7.13000,7.37000,7.04000,7.30000,40175800
1759411800,7.80000,8.44000,7.73000,8.19500,60483700
1759498200,8.47000,8.49000,7.50000,7.82000,34096700
1759757400,8.03500,8.24000,7.66300,8.13000,34691800
1759843800,8.21000,8.74000,7.57000,7.78000,45204600
1759930200,7.81000,8.41000,7.50000,7.74000,71534600
1760016600,7.84500,8.03000,7.55000,8.00000,122956700
1760103000,8.00000,9.78500,7.96000,8.23000,95195900
1760362200,8.60000,10.41000,8.50000,9.97000,147107400
1760448600,12.45000,13.33000,10.92000,12.57000,157929900
1760535000,13.12000,15.43500,12.88000,15.16000,148371400
1760621400,15.24000,16.85000,14.69000,15.63000,144343700
1760707800,14.29000,15.78000,14.02000,14.66000,75353100
1760967000,14.82500,17.79000,14.82000,17.10000,91241400
1761053400,16.77500,16.90000,14.74000,15.03000,59296600
1761139800,14.40000,15.19000,12.47000,13.60500,54948100
1761226200,14.11000,14.25000,13.35200,13.61000,29194300
1761312600,14.15000,14.86500,13.80000,14.07000,34972700
1761571800,14.77500,15.14000,13.24000,13.91000,39211900
1761658200,13.74000,14.12300,12.60500,12.83000,28553100
1761744600,13.17500,13.95000,12.89000,13.57000,30130500
1761831000,13.05500,13.17000,12.38000,12.56000,23457800
1761917400,13.10000,13.56000,12.68000,13.46000,27040600
1762180200,13.20000,13.30000,11.94000,12.25000,36040500
1762266600,10.26000,11.58000,10.21000,10.46000,37670600
1762353000,10.56000,10.69000,9.62000,9.86000,29133000
1762439400,9.83000,9.84400,8.82000,8.83500,23405500
1762525800,7.79000,8.03000,7.18000,7.84000,49140400
1762785000,8.40000,9.72000,8.35000,9.60000,46949900
1762871400,9.47000,9.94000,8.92000,9.12000,34447600
1762957800,9.27000,9.31500,8.52000,8.64000,19370000
1763044200,8.37500,8.45000,7.77500,7.91000,18979000
1763130600,7.50000,8.45000,7.44000,8.11000,22620000
1763389800,7.95000,8.33000,7.52000,7.73000,17269100
1763476200,7.59500,8.08000,7.52000,7.78000,16383600
1763562600,7.77000,8.24000,7.55000,7.72000,18043500
1763649000,8.49000,8.64000,7.50000,7.55000,32886300
1763735400,7.45000,7.79000,6.85000,7.56000,25305300
1763994600,7.67000,8.31500,7.57000,8.29000,21113200
1764081000,8.04000,8.15000,7.57000,8.03000,13604500
1764167400,8.35000,8.65000,8.20000,8.34000,20736000
1764340200,8.53000,9.10000,8.47000,8.74000,13626300
1764599400,8.43000,8.75500,8.27000,8.30000,13999600
1764685800,8.35000,8.59000,8.27000,8.32000,16078400
1764772200,8.36000,8.76000,8.01000,8.69000,13469500
1764858600,8.60000,9.56000,8.46500,9.45000,19073000
1764945000,9.45000,9.71000,9.22000,9.48000,12564300
1765204200,9.86000,10.24000,9.43000,9.60000,24950900
1765290600,9.30000,9.48000,9.00000,9.17000,19417900
1765377000,9.03500,9.42000,8.68000,9.12000,13950400
1765463400,8.81000,9.39000,8.55000,9.18000,15489000
1765549800,9.10000,9.31000,8.45000,8.59000,14325900
1765809000,8.75000,8.75000,7.94000,7.96000,18871200
1765895400,7.80000,8.15000,7.72000,7.83000,10740400
1765981800,7.86000,7.98000,7.33000,7.38000,12209500
1766068200,7.74000,8.02000,7.33000,7.37000,12112900
1766154600,7.45000,7.92000,7.39000,7.81000,20343000
1766413800,8.06000,8.13000,7.82000,7.90000,11158200
1766500200,7.70500,7.93000,7.60000,7.66000,7345900
1766586600,7.63000,7.74000,7.51000,7.66000,4531400
1766759400,7.65000,7.65000,7.29000,7.40000,7684400
1767018600,7.19000,7.46300,7.15000,7.21000,8722000
1767105000,7.25500,7.50000,7.22000,7.24000,8156000
1767191400,7.20000,7.37000,7.10500,7.14000,8492800
1767364200,7.50000,8.42500,7.49000,8.38000,34901600
1767623400,8.69000,9.13500,8.52000,9.05000,41331400
1767709800,9.02000,10.22000,9.01000,10.19000,61385500
1767796200,10.03500,10.34000,9.64000,10.31000,37234500
1767882600,10.12000,10.57600,9.81500,10.06000,27285600
1767969000,10.25000,10.40000,9.75500,10.07000,23796500
1768228200,10.00000,10.55000,9.55000,10.43000,28128400
1768314600,10.83000,11.00000,9.30000,9.45500,32390000
1768401000,9.41500,10.06000,9.03000,10.04000,31233800
1768487400,10.22000,10.64000,10.00000,10.00000,32719700
1768573800,10.23000,11.14900,10.22000,10.91000,28794800
1768919400,10.29000,10.60000,9.76000,9.86000,25759200
1769005800,10.18500,10.36500,9.25500,9.76000,18541400
1769092200,10.00000,11.39500,9.99500,11.29000,37350300
1769178600,11.14000,11.18000,10.00000,10.17000,29014000
1769437800,10.21000,10.23000,9.37000,9.38000,16400000
1769524200,9.41500,9.68000,9.14500,9.56000,22800600
1769610600,9.99000,10.42000,9.84000,10.19000,27286900
1769697000,9.87000,9.91000,8.97000,9.46000,25713600
1769783400,9.23000,9.45000,8.49000,8.58000,16660300
1770042600,8.59000,8.86000,8.46000,8.62000,14890200
1770129000,8.92000,9.09000,8.48000,9.05000,21467900
1770215400,9.02000,9.10800,7.79000,8.20000,19671800
1770301800,7.86000,7.98000,7.35000,7.43000,16380100
1770388200,7.78500,9.07000,7.68000,8.86000,27434900
1770647400,8.65000,9.28000,8.55000,9.22000,18862000
1770733800,9.11000,9.18000,8.75000,8.79000,25120600
1770820200,9.07000,9.16500,8.47000,8.76000,17067400
1770906600,8.81000,8.94500,8.25000,8.37000,17309700
1770993000,8.38000,8.70500,8.16000,8.30000,15468500
1771338600,8.14500,8.39500,7.82000,8.22000,13935000
1771425000,8.26000,8.36500,7.92000,8.09000,10341800
1771511400,7.95000,8.13000,7.83000,8.08000,12399100
1771597800,7.90000,8.19000,7.71000,7.88000,13292800
1771857000,7.80000,8.25000,7.76000,8.12000,12727000
1771943400,8.06000,8.56000,8.01000,8.26000,19982100
1772029800,8.67000,10.49500,8.60000,9.88000,50713700
1772116200,9.82000,10.23000,9.35000,9.51000,21190400
1772202600,9.11000,9.18000,8.57500,9.00000,18786500
1772461800,8.54500,9.60000,8.52600,9.55000,14669500
1772548200,8.94500,9.23300,8.68000,8.90000,19142900
1772634600,9.16000,9.45000,8.79500,9.22000,12746900
1772721000,9.01000,9.44000,8.54500,8.96000,12638700
1772807400,8.69000,8.93000,8.08000,8.20000,15268000
1773063000,8.04000,8.45000,7.72000,8.38000,15154600
1773149400,8.45000,8.83000,8.33000,8.68000,15845800
1773235800,8.72000,10.88000,8.72000,10.84000,55663300
1773322200,10.42000,10.88000,9.88000,9.98000,28041300
1773408600,10.42500,10.81500,9.90500,10.10000,21758400
1773667800,10.76500,11.63000,10.23000,10.49000,44981900
1773754200,10.62500,10.74900,9.77000,9.82000,25005900
1773840600,9.67000,9.69000,9.05000,9.06000,22972400
1773927000,8.71000,9.26000,8.48000,9.17000,18457500
1774013400,8.94500,9.20000,8.49500,8.75000,20429600
1774272600,9.08000,9.32500,8.86000,9.18000,18633100
1774359000,8.92200,9.40500,8.87000,9.28000,13854600
1774445400,9.59500,10.00000,9.35000,9.48000,13712200
1774531800,9.15500,9.21000,8.85000,9.02000,17173800
1774618200,8.83000,8.85000,8.17000,8.28000,21885800
1774877400,8.58000,8.64000,7.66000,7.83000,25616400
1774963800,8.18000,8.80500,7.93500,8.77000,24923100
1775050200,9.00000,9.26000,8.43000,8.54000,19688700
1775136600,8.12000,8.98500,8.05000,8.80000,11407400
1775482200,8.79000,9.05000,8.63000,8.83500,9496400
1775568600,8.66000,8.75000,8.28000,8.57000,9875800
1775655000,9.54000,10.01500,9.14000,9.55000,31655200
1775741400,9.46000,9.93000,9.37000,9.42000,16271400
1775827800,9.48000,9.93000,9.40000,9.54000,14791900
1776087000,9.37000,9.86000,9.12000,9.82000,13571300
1776173400,10.24500,10.33000,9.53000,9.87000,17091200
1776259800,9.89500,10.38000,9.76000,10.26000,19269900
1776346200,10.45000,12.41000,10.08000,12.37000,50761100
1776432600,12.20000,12.87000,11.85000,12.32000,36741500
1776691800,12.13000,13.42000,11.93000,13.20000,31465700
1776778200,14.44500,16.61000,14.19000,15.33000,87717900
1776864600,16.12500,18.67000,16.01000,18.47000,84760100
1776951000,18.07000,19.44000,17.64000,18.51000,53518700
1777037400,19.12000,19.79000,16.90000,17.28000,46861200
1777296600,17.23000,18.36000,16.21000,18.30000,32853600
1777383000,17.19000,17.23000,14.81000,15.12000,37148600
1777469400,15.57000,15.57000,14.14000,15.48000,27887800
1777555800,15.51000,16.56000,15.02000,16.50000,24573100
1777642200,16.45000,18.03000,15.81000,17.45000,30111300
1777901400,17.73000,18.00000,15.82000,15.92000,27240100
1777987800,16.20000,18.14000,15.70000,17.55000,40859100
1778074200,16.96000,17.76000,15.81000,16.68000,36572400
1778160600,16.66000,16.74000,14.95000,15.79000,28611800
1778247000,15.88500,18.20000,15.60000,18.20000,34943000
1778506200,18.13000,23.82000,18.13000,22.65000,70915100
1778592600,21.72000,22.00000,18.67000,19.25000,47323500
1778679000,20.81000,21.68000,19.65000,21.17000,39381200
1778765400,21.14000,23.39000,20.39500,22.32000,40117400
1778851800,20.70500,21.58000,19.54000,21.32000,31600300
1779111000,21.64000,21.76000,18.82500,19.67000,30657800
1779197400,19.07000,19.70000,17.50000,19.43000,24386000
1779283800,20.07500,23.37000,19.95000,22.99000,37597400
1779370200,22.46500,25.20000,22.30000,24.38000,37792000
1779456600,24.61000,29.50000,24.41000,29.25000,51180800
1779802200,31.35500,33.82000,30.60000,31.79000,50093000
1779888600,31.81000,31.94000,28.36500,28.88000,36165600
1779975000,29.14000,29.80000,27.73000,28.51000,21233600
1780061400,28.75000,28.80000,26.08000,26.60000,23154900
1780320600,25.43500,25.52400,23.59000,24.86000,25017000
1780407000,26.52000,27.83900,25.53000,25.86000,25588200
1780493400,30.64500,34.17000,29.70000,30.84000,112299100
1780579800,28.72500,31.55000,28.20000,30.67000,41222800
1780666200,29.11500,29.40000,24.38000,25.08000,36737800
1780925400,26.19500,26.42900,23.96000,24.48000,28975000
1781011800,24.50000,25.00000,20.70000,22.85000,42840600
1781098200,22.12000,22.97000,20.41000,20.50000,30055000
1781184600,20.78000,22.35000,20.27000,22.21000,23318500
1781271000,22.00000,24.58500,21.85000,23.39000,28743000
1781530200,25.15000,26.18000,22.96000,23.73000,35937300
1781616600,23.11000,23.79000,21.90000,22.09000,22050100
1781703000,22.92000,23.63000,22.30000,22.34000,20123800
1781789400,23.61500,24.23000,22.92500,24.02000,23356600
1782135000,24.46500,24.66000,23.00000,23.70000,26713800
1782221400,21.66600,23.69000,21.01000,21.40000,20910700
1782307800,21.08500,21.13000,17.42000,18.32000,34334400
1782394200,19.50000,19.56800,17.22000,17.70000,21644400
1782480600,17.05000,17.72000,16.80500,17.30000,24372300
1782739800,17.34000,18.15000,16.55000,17.74000,17584700
1782826200,17.50000,18.28000,17.36000,17.92000,15078700
1782912600,17.35000,17.50000,16.46000,16.53000,15237400
1782999000,16.42000,16.60000,14.03000,14.46000,29369100
1783344600,14.78000,16.12000,14.63000,15.23000,14123200
1783431000,14.25800,14.59000,13.51000,13.99000,16967800
1783517400,13.40000,13.49500,12.66000,13.36000,19215900
1783603800,14.06000,14.52500,13.84000,14.18000,15730700
1783690200,13.56000,13.79000,13.17000,13.47000,11144200
1783949400,13.01000,13.14000,12.58000,12.87000,12117100
1784035800,13.67500,13.72500,12.79000,13.09000,10144800
1784122200,13.17000,13.59500,12.57000,13.27000,13992600
1784208600,12.65200,12.87000,11.57000,11.75500,15055200
1784295000,11.20000,12.06500,10.74000,11.46000,13266900
1784554200,11.65000,12.27500,11.52000,11.54000,11290400
1784640600,12.05000,12.86000,11.95000,12.82500,12369700
1784727000,12.37000,13.22500,12.29000,12.67000,12894300
1784813400,11.96500,12.80000,11.76000,12.03000,12691800
1784899800,12.08000,12.08000,10.90000,10.92000,13682800
1785159000,11.27500,11.74000,10.82500,11.41000,22199900
1785245400,10.20500,10.38500,9.43000,10.01000,28807600
1785331800,9.86000,11.04000,9.72000,9.73500,21947300
1785418200,10.46000,11.22000,10.40500,11.01000,16914400
1785504600,11.62000,11.76000,10.59500,10.86000,13098200
1785763800,10.47200,11.87500,10.32500,11.52000,16716900
1785850200,12.35000,12.85000,12.06000,12.69000,12993200
1785936600,12.27000,12.95600,12.20000,12.35000,11589300
1786023000,11.88000,13.26000,11.76000,12.40000,11278500
1786109400,12.86000,14.06000,12.81000,13.89000,17958100
1786368600,14.17000,14.28000,13.16000,13.17000,13161100
1786455000,13.62000,13.70500,12.95000,13.60000,9616900
1786541400,14.34000,14.53000,13.82000,13.93000,13355200
1786627800,13.77500,14.34500,13.61000,13.66000,12034300
1786714200,13.76500,14.73300,13.72000,14.45000,16582500
1786973400,14.93500,14.95000,14.15000,14.58000,14596800
1787059800,13.74000,14.06000,12.95500,13.17000,16108800
1787146200,13.30000,13.47000,12.41000,12.83000,11460000
1787232600,12.89000,13.08000,12.50000,12.97000,8576200
1787319000,13.18500,13.42600,12.77000,12.97000,14347000
1787578200,12.59000,12.63000,12.14000,12.23000,9673000
1787664600,13.10000,13.44000,12.37000,12.44000,17773700
1787751000,12.60000,12.96000,12.33500,12.67000,14965100
1787837400,13.18000,13.24000,12.46000,12.51000,11346000
1787923800,12.44000,12.44900,11.28000,11.49000,17470000
